Gene	category
Morus_000048-R1	Unique_B
Morus_000050-R1	Unique_B
Morus_000072-R1	Unique_A
Morus_000084-R1	Unique_A
Morus_000088-R1	Unique_B
Morus_000101-R1	Unique_A
Morus_000116-R1	Unique_B
Morus_000121-R1	Unique_B
Morus_000140-R1	Unique_B
Morus_000153-R1	Unique_B
Morus_000156-R1	Unique_B
Morus_000157-R1	Unique_B
Morus_000176-R1	Unique_A
Morus_000183-R1	Unique_B
Morus_000195-R1	Unique_A
Morus_000205-R1	Unique_B
Morus_000236-R1	Unique_B
Morus_000257-R1	Unique_A
Morus_000287-R1	Unique_B
Morus_000311-R1	Unique_A
Morus_000327-R1	Unique_A
Morus_000329-R1	Unique_A
Morus_000366-R1	Unique_B
Morus_000373-R1	Unique_A
Morus_000375-R1	Unique_B
Morus_000388-R1	Unique_A
Morus_000389-R1	Unique_B
Morus_000408-R1	Unique_A
Morus_000420-R1	Unique_A
Morus_000423-R1	Unique_B
Morus_000444-R1	Unique_A
Morus_000445-R1	Unique_A
Morus_000463-R1	Unique_A
Morus_000464-R1	Unique_B
Morus_000465-R1	Unique_B
Morus_000467-R2	Unique_B
Morus_000484-R1	Unique_A
Morus_000503-R1	Unique_A
Morus_000506-R1	Unique_A
Morus_000530-R1	Unique_A
Morus_000551-R1	Unique_A
Morus_000582-R1	Unique_A
Morus_000594-R1	Unique_B
Morus_000639-R1	Unique_A
Morus_000690-R1	Unique_A
Morus_000725-R1	Unique_A
Morus_000766-R1	Unique_A
Morus_000774-R1	Unique_B
Morus_000777-R1	Unique_A
Morus_000802-R1	Unique_B
Morus_000831-R1	Unique_A
Morus_000832-R1	Unique_B
Morus_000863-R1	Unique_B
Morus_000899-R1	Unique_B
Morus_001085-R1	Unique_B
Morus_001124-R1	Unique_B
Morus_001153-R1	Unique_A
Morus_001191-R1	Unique_B
Morus_001205-R1	Unique_A
Morus_001211-R1	Unique_A
Morus_001358-R1	Unique_B
Morus_001361-R1	Unique_A
Morus_001373-R1	Unique_A
Morus_001407-R1	Unique_B
Morus_001408-R1	Unique_B
Morus_001421-R1	Unique_B
Morus_001449-R1	Unique_B
Morus_001459-R1	Unique_A
Morus_001489-R1	Unique_A
Morus_001504-R2	Unique_A
Morus_001506-R1	Unique_A
Morus_001539-R1	Unique_B
Morus_001552-R1	Unique_B
Morus_001594-R1	Unique_B
Morus_001602-R2	Unique_A
Morus_001612-R1	Unique_B
Morus_001624-R1	Unique_B
Morus_001663-R1	Unique_B
Morus_001682-R1	Unique_B
Morus_001696-R1	Unique_A
Morus_001709-R1	Unique_A
Morus_001719-R1	Unique_A
Morus_001745-R1	Unique_B
Morus_001807-R1	Unique_B
Morus_001810-R1	Unique_A
Morus_001834-R1	Unique_A
Morus_001859-R1	Unique_B
Morus_001866-R1	Unique_B
Morus_001885-R1	Unique_B
Morus_001896-R1	Unique_B
Morus_001913-R1	Unique_A
Morus_001923-R1	Unique_B
Morus_001986-R1	Unique_B
Morus_002018-R1	Unique_A
Morus_002080-R1	Unique_B
Morus_002084-R1	Unique_B
Morus_002170-R1	Unique_B
Morus_002200-R1	Unique_B
Morus_002263-R3	Unique_B
Morus_002282-R1	Unique_A
Morus_002292-R1	Unique_B
Morus_002306-R1	Unique_A
Morus_002332-R1	Unique_A
Morus_002335-R1	Unique_A
Morus_002354-R1	Unique_A
Morus_002359-R1	Unique_A
Morus_002375-R1	Unique_B
Morus_002426-R1	Unique_B
Morus_002440-R1	Unique_B
Morus_002456-R1	Unique_A
Morus_002469-R1	Unique_B
Morus_002472-R1	Unique_A
Morus_002515-R1	Unique_B
Morus_002537-R1	Unique_B
Morus_002550-R1	Unique_B
Morus_002608-R1	Unique_A
Morus_002645-R1	Unique_A
Morus_002657-R2	Unique_A
Morus_002672-R1	Unique_A
Morus_002679-R1	Unique_A
Morus_002689-R1	Unique_B
Morus_002690-R1	Unique_B
Morus_002694-R1	Unique_B
Morus_002695-R1	Unique_B
Morus_002714-R1	Unique_A
Morus_002752-R1	Unique_A
Morus_002755-R1	Unique_B
Morus_002802-R1	Unique_A
Morus_002850-R1	Unique_A
Morus_002911-R1	Unique_B
Morus_002919-R1	Unique_B
Morus_002921-R1	Unique_B
Morus_002934-R1	Unique_A
Morus_002990-R1	Unique_A
Morus_003001-R1	Unique_B
Morus_003045-R1	Unique_A
Morus_003074-R1	Unique_B
Morus_003101-R1	Unique_A
Morus_003116-R1	Unique_B
Morus_003120-R1	Unique_A
Morus_003133-R1	Unique_B
Morus_003140-R1	Unique_A
Morus_003141-R1	Unique_A
Morus_003150-R1	Unique_B
Morus_003169-R1	Unique_B
Morus_003213-R1	Unique_A
Morus_003234-R1	Unique_A
Morus_003253-R1	Unique_B
Morus_003255-R1	Unique_A
Morus_003265-R1	Unique_A
Morus_003276-R1	Unique_B
Morus_003299-R1	Unique_A
Morus_003300-R1	Unique_A
Morus_003321-R1	Unique_B
Morus_003325-R1	Unique_A
Morus_003348-R1	Unique_B
Morus_003387-R1	Unique_B
Morus_003400-R1	Unique_A
Morus_003401-R1	Unique_A
Morus_003477-R1	Unique_A
Morus_003488-R1	Unique_A
Morus_003502-R1	Unique_A
Morus_003540-R2	Unique_A
Morus_003591-R1	Unique_B
Morus_003605-R1	Unique_A
Morus_003615-R2	Unique_B
Morus_003620-R1	Unique_A
Morus_003625-R1	Unique_B
Morus_003640-R1	Unique_A
Morus_003697-R1	Unique_B
Morus_003701-R1	Unique_B
Morus_003705-R1	Unique_A
Morus_003706-R1	Unique_B
Morus_003711-R1	Unique_B
Morus_003741-R1	Unique_A
Morus_003883-R1	Unique_B
Morus_003887-R1	Unique_A
Morus_003951-R1	Unique_B
Morus_003962-R1	Unique_A
Morus_003991-R1	Unique_B
Morus_004032-R1	Unique_B
Morus_004087-R1	Unique_A
Morus_004115-R1	Unique_B
Morus_004140-R1	Unique_A
Morus_004159-R1	Unique_A
Morus_004161-R2	Unique_B
Morus_004168-R1	Unique_B
Morus_004177-R1	Unique_B
Morus_004186-R1	Unique_B
Morus_004187-R1	Unique_B
Morus_004206-R1	Unique_A
Morus_004261-R1	Unique_A
Morus_004274-R1	Unique_A
Morus_004285-R1	Unique_B
Morus_004417-R1	Unique_B
Morus_004444-R1	Unique_A
Morus_004456-R1	Unique_A
Morus_004460-R1	Unique_B
Morus_004474-R1	Unique_A
Morus_004526-R1	Unique_A
Morus_004542-R5	Unique_B
Morus_004569-R1	Unique_B
Morus_004575-R1	Unique_B
Morus_004617-R1	Unique_A
Morus_004646-R1	Unique_A
Morus_004648-R1	Unique_A
Morus_004655-R1	Unique_A
Morus_004657-R1	Unique_A
Morus_004667-R1	Unique_A
Morus_004676-R1	Unique_A
Morus_004692-R1	Unique_A
Morus_004698-R1	Unique_B
Morus_004709-R1	Unique_A
Morus_004796-R1	Unique_A
Morus_004801-R2	Unique_B
Morus_004807-R1	Unique_A
Morus_004821-R1	Unique_A
Morus_004881-R1	Unique_A
Morus_004886-R1	Unique_B
Morus_004889-R1	Unique_A
Morus_004896-R1	Unique_A
Morus_004902-R1	Unique_B
Morus_004916-R1	Unique_A
Morus_004939-R1	Unique_B
Morus_004941-R1	Unique_B
Morus_004994-R1	Unique_A
Morus_005020-R1	Unique_B
Morus_005057-R1	Unique_A
Morus_005070-R1	Unique_A
Morus_005072-R1	Unique_A
Morus_005091-R1	Unique_A
Morus_005092-R1	Unique_A
Morus_005097-R1	Unique_B
Morus_005101-R1	Unique_A
Morus_005110-R1	Unique_B
Morus_005122-R1	Unique_B
Morus_005131-R1	Unique_A
Morus_005149-R1	Unique_B
Morus_005179-R1	Unique_B
Morus_005185-R1	Unique_B
Morus_005188-R1	Unique_A
Morus_005189-R1	Unique_B
Morus_005206-R1	Unique_A
Morus_005220-R1	Unique_A
Morus_005229-R1	Unique_B
Morus_005234-R1	Unique_A
Morus_005245-R1	Unique_A
Morus_005248-R3	Unique_A
Morus_005264-R1	Unique_B
Morus_005283-R1	Unique_B
Morus_005290-R1	Unique_A
Morus_005308-R1	Unique_A
Morus_005324-R1	Unique_B
Morus_005345-R1	Unique_B
Morus_005357-R1	Unique_B
Morus_005363-R1	Unique_B
Morus_005388-R1	Unique_A
Morus_005500-R1	Unique_A
Morus_005604-R1	Unique_A
Morus_005605-R1	Unique_A
Morus_005614-R1	Unique_B
Morus_005636-R1	Unique_B
Morus_005718-R1	Unique_A
Morus_005733-R1	Unique_B
Morus_005766-R1	Unique_B
Morus_005770-R1	Unique_B
Morus_005782-R1	Unique_B
Morus_005794-R1	Unique_B
Morus_005810-R1	Unique_A
Morus_005829-R1	Unique_B
Morus_005860-R1	Unique_A
Morus_005865-R1	Unique_A
Morus_005870-R1	Unique_A
Morus_005876-R1	Unique_A
Morus_005879-R1	Unique_B
Morus_005888-R1	Unique_A
Morus_005892-R1	Unique_B
Morus_005894-R1	Unique_B
Morus_005909-R1	Unique_B
Morus_005932-R1	Unique_B
Morus_005938-R1	Unique_A
Morus_005976-R1	Unique_B
Morus_005985-R1	Unique_A
Morus_005986-R1	Unique_A
Morus_005998-R1	Unique_A
Morus_006009-R1	Unique_B
Morus_006051-R1	Unique_B
Morus_006059-R1	Unique_A
Morus_006064-R1	Unique_A
Morus_006097-R1	Unique_A
Morus_006113-R1	Unique_A
Morus_006134-R1	Unique_A
Morus_006147-R1	Unique_B
Morus_006171-R3	Unique_B
Morus_006174-R1	Unique_A
Morus_006202-R1	Unique_B
Morus_006213-R1	Unique_A
Morus_006260-R1	Unique_A
Morus_006270-R1	Unique_A
Morus_006275-R1	Unique_A
Morus_006282-R1	Unique_A
Morus_006284-R1	Unique_A
Morus_006336-R1	Unique_A
Morus_006346-R1	Unique_A
Morus_006349-R1	Unique_A
Morus_006355-R1	Unique_A
Morus_006361-R1	Unique_A
Morus_006383-R1	Unique_A
Morus_006393-R1	Unique_B
Morus_006422-R1	Unique_B
Morus_006443-R3	Unique_A
Morus_006480-R1	Unique_B
Morus_006501-R1	Unique_B
Morus_006505-R1	Unique_A
Morus_006507-R1	Unique_B
Morus_006537-R1	Unique_B
Morus_006555-R1	Unique_A
Morus_006559-R1	Unique_A
Morus_006596-R1	Unique_A
Morus_006609-R1	Unique_B
Morus_006610-R1	Unique_B
Morus_006647-R1	Unique_A
Morus_006663-R1	Unique_A
Morus_006666-R1	Unique_B
Morus_006689-R1	Unique_A
Morus_006701-R1	Unique_A
Morus_006702-R1	Unique_A
Morus_006703-R1	Unique_A
Morus_006758-R1	Unique_A
Morus_006764-R2	Unique_B
Morus_006790-R1	Unique_A
Morus_006795-R1	Unique_A
Morus_006828-R1	Unique_A
Morus_006833-R1	Unique_A
Morus_006846-R1	Unique_B
Morus_006883-R1	Unique_A
Morus_006952-R1	Unique_A
Morus_006954-R1	Unique_B
Morus_006969-R1	Unique_A
Morus_006972-R1	Unique_A
Morus_006993-R1	Unique_A
Morus_007023-R1	Unique_A
Morus_007046-R1	Unique_A
Morus_007070-R1	Unique_A
Morus_007091-R1	Unique_A
Morus_007111-R1	Unique_B
Morus_007118-R1	Unique_A
Morus_007151-R1	Unique_A
Morus_007190-R1	Unique_A
Morus_007203-R1	Unique_B
Morus_007228-R1	Unique_A
Morus_007234-R1	Unique_B
Morus_007253-R1	Unique_A
Morus_007254-R1	Unique_A
Morus_007256-R1	Unique_B
Morus_007270-R1	Unique_A
Morus_007273-R1	Unique_A
Morus_007277-R1	Unique_A
Morus_007326-R1	Unique_B
Morus_007327-R1	Unique_B
Morus_007350-R1	Unique_A
Morus_007375-R1	Unique_B
Morus_007384-R1	Unique_A
Morus_007393-R1	Unique_A
Morus_007442-R1	Unique_B
Morus_007520-R1	Unique_A
Morus_007558-R1	Unique_B
Morus_007573-R1	Unique_A
Morus_007580-R1	Unique_A
Morus_007598-R1	Unique_A
Morus_007599-R1	Unique_B
Morus_007761-R1	Unique_A
Morus_007776-R1	Unique_A
Morus_007850-R1	Unique_B
Morus_007858-R1	Unique_B
Morus_007868-R1	Unique_B
Morus_007884-R1	Unique_A
Morus_007886-R1	Unique_A
Morus_007993-R1	Unique_A
Morus_008020-R1	Unique_B
Morus_008023-R1	Unique_A
Morus_008059-R1	Unique_A
Morus_008076-R1	Unique_A
Morus_008130-R1	Unique_B
Morus_008182-R1	Unique_B
Morus_008186-R1	Unique_B
Morus_008206-R1	Unique_A
Morus_008218-R1	Unique_B
Morus_008223-R1	Unique_A
Morus_008227-R1	Unique_A
Morus_008229-R1	Unique_A
Morus_008232-R1	Unique_B
Morus_008238-R1	Unique_A
Morus_008273-R1	Unique_A
Morus_008293-R1	Unique_A
Morus_008302-R1	Unique_A
Morus_008306-R2	Unique_B
Morus_008352-R1	Unique_A
Morus_008357-R1	Unique_B
Morus_008371-R1	Unique_A
Morus_008403-R1	Unique_B
Morus_008404-R1	Unique_A
Morus_008412-R1	Unique_A
Morus_008419-R1	Unique_B
Morus_008448-R1	Unique_A
Morus_008462-R1	Unique_B
Morus_008474-R1	Unique_B
Morus_008477-R1	Unique_B
Morus_008502-R1	Unique_B
Morus_008508-R1	Unique_A
Morus_008519-R2	Unique_B
Morus_008536-R1	Unique_B
Morus_008564-R1	Unique_A
Morus_008567-R1	Unique_A
Morus_008586-R1	Unique_A
Morus_008588-R2	Unique_B
Morus_008592-R1	Unique_B
Morus_008594-R1	Unique_A
Morus_008626-R1	Unique_A
Morus_008632-R1	Unique_A
Morus_008635-R1	Unique_A
Morus_008649-R1	Unique_B
Morus_008654-R1	Unique_A
Morus_008659-R1	Unique_A
Morus_008665-R1	Unique_A
Morus_008724-R1	Unique_A
Morus_008725-R1	Unique_B
Morus_008737-R1	Unique_A
Morus_008745-R1	Unique_B
Morus_008748-R2	Unique_B
Morus_008750-R1	Unique_B
Morus_008760-R1	Unique_A
Morus_008765-R2	Unique_A
Morus_008770-R1	Unique_A
Morus_008779-R1	Unique_A
Morus_008797-R1	Unique_A
Morus_008799-R1	Unique_B
Morus_008800-R1	Unique_A
Morus_008808-R1	Unique_A
Morus_008809-R1	Unique_A
Morus_008816-R1	Unique_A
Morus_008824-R1	Unique_B
Morus_008835-R1	Unique_A
Morus_008874-R1	Unique_B
Morus_008885-R1	Unique_A
Morus_008899-R1	Unique_B
Morus_008918-R1	Unique_B
Morus_008936-R1	Unique_A
Morus_008951-R1	Unique_B
Morus_008963-R1	Unique_B
Morus_008965-R1	Unique_B
Morus_008968-R1	Unique_A
Morus_008973-R1	Unique_B
Morus_008977-R1	Unique_A
Morus_008997-R1	Unique_B
Morus_008998-R1	Unique_B
Morus_009027-R1	Unique_B
Morus_009045-R1	Unique_A
Morus_009056-R1	Unique_B
Morus_009058-R1	Unique_B
Morus_009068-R1	Unique_A
Morus_009093-R1	Unique_B
Morus_009112-R1	Unique_B
Morus_009135-R1	Unique_B
Morus_009228-R1	Unique_B
Morus_009236-R1	Unique_B
Morus_009293-R1	Unique_B
Morus_009297-R1	Unique_A
Morus_009299-R1	Unique_A
Morus_009302-R1	Unique_B
Morus_009311-R1	Unique_B
Morus_009332-R1	Unique_B
Morus_009334-R1	Unique_B
Morus_009344-R1	Unique_A
Morus_009371-R1	Unique_B
Morus_009409-R1	Unique_A
Morus_009448-R1	Unique_B
Morus_009452-R1	Unique_B
Morus_009466-R1	Unique_A
Morus_009467-R1	Unique_A
Morus_009472-R1	Unique_A
Morus_009479-R1	Unique_A
Morus_009480-R1	Unique_B
Morus_009483-R2	Unique_A
Morus_009497-R1	Unique_B
Morus_009537-R1	Unique_A
Morus_009548-R1	Unique_B
Morus_009569-R1	Unique_A
Morus_009576-R1	Unique_A
Morus_009594-R1	Unique_A
Morus_009611-R1	Unique_B
Morus_009618-R1	Unique_A
Morus_009636-R1	Unique_B
Morus_009674-R1	Unique_A
Morus_009698-R1	Unique_A
Morus_009699-R1	Unique_A
Morus_009700-R1	Unique_A
Morus_009725-R1	Unique_A
Morus_009734-R1	Unique_B
Morus_009749-R1	Unique_B
Morus_009758-R1	Unique_A
Morus_009776-R1	Unique_B
Morus_009784-R1	Unique_A
Morus_009792-R1	Unique_A
Morus_009808-R1	Unique_A
Morus_009831-R1	Unique_A
Morus_009844-R1	Unique_A
Morus_009868-R1	Unique_B
Morus_009888-R1	Unique_B
Morus_009893-R1	Unique_B
Morus_009895-R1	Unique_B
Morus_009905-R1	Unique_A
Morus_009906-R2	Unique_B
Morus_009911-R1	Unique_B
Morus_009932-R1	Unique_A
Morus_009979-R1	Unique_B
Morus_009984-R1	Unique_A
Morus_009997-R1	Unique_B
Morus_010006-R1	Unique_A
Morus_010055-R1	Unique_B
Morus_010128-R1	Unique_B
Morus_010131-R1	Unique_A
Morus_010140-R2	Unique_A
Morus_010159-R1	Unique_B
Morus_010225-R1	Unique_B
Morus_010230-R1	Unique_A
Morus_010237-R1	Unique_B
Morus_010251-R2	Unique_B
Morus_010258-R1	Unique_B
Morus_010325-R1	Unique_B
Morus_010330-R1	Unique_B
Morus_010343-R1	Unique_B
Morus_010352-R1	Unique_B
Morus_010370-R1	Unique_B
Morus_010383-R1	Unique_B
Morus_010429-R1	Unique_A
Morus_010434-R1	Unique_B
Morus_010466-R1	Unique_B
Morus_010510-R1	Unique_B
Morus_010512-R1	Unique_B
Morus_010516-R1	Unique_B
Morus_010522-R1	Unique_B
Morus_010526-R1	Unique_B
Morus_010535-R1	Unique_B
Morus_010537-R1	Unique_B
Morus_010541-R1	Unique_B
Morus_010543-R1	Unique_A
Morus_010545-R1	Unique_B
Morus_010567-R1	Unique_A
Morus_010604-R1	Unique_B
Morus_010670-R1	Unique_B
Morus_010673-R1	Unique_B
Morus_010682-R3	Unique_B
Morus_010709-R6	Unique_A
Morus_010712-R1	Unique_A
Morus_010731-R1	Unique_B
Morus_010887-R1	Unique_A
Morus_010889-R1	Unique_B
Morus_010954-R1	Unique_A
Morus_010963-R1	Unique_B
Morus_010981-R1	Unique_B
Morus_010990-R1	Unique_A
Morus_011015-R1	Unique_B
Morus_011073-R2	Unique_A
Morus_011074-R2	Unique_B
Morus_011081-R1	Unique_B
Morus_011094-R1	Unique_A
Morus_011105-R1	Unique_A
Morus_011108-R1	Unique_A
Morus_011117-R1	Unique_A
Morus_011148-R1	Unique_A
Morus_011187-R1	Unique_B
Morus_011214-R1	Unique_A
Morus_011236-R1	Unique_A
Morus_011265-R1	Unique_A
Morus_011279-R1	Unique_A
Morus_011287-R1	Unique_B
Morus_011288-R1	Unique_B
Morus_011328-R1	Unique_B
Morus_011341-R1	Unique_B
Morus_011384-R2	Unique_A
Morus_011401-R1	Unique_B
Morus_011405-R1	Unique_A
Morus_011450-R1	Unique_A
Morus_011451-R1	Unique_B
Morus_011474-R1	Unique_B
Morus_011495-R1	Unique_B
Morus_011514-R1	Unique_A
Morus_011524-R1	Unique_B
Morus_011540-R1	Unique_B
Morus_011544-R1	Unique_B
Morus_011564-R1	Unique_B
Morus_011616-R1	Unique_B
Morus_011720-R1	Unique_B
Morus_011721-R1	Unique_A
Morus_011745-R1	Unique_B
Morus_011746-R1	Unique_B
Morus_011751-R1	Unique_B
Morus_011767-R1	Unique_B
Morus_011843-R1	Unique_A
Morus_011857-R1	Unique_B
Morus_011893-R1	Unique_A
Morus_011955-R1	Unique_A
Morus_011961-R1	Unique_A
Morus_011974-R1	Unique_A
Morus_011989-R1	Unique_B
Morus_011990-R1	Unique_A
Morus_012003-R1	Unique_B
Morus_012053-R1	Unique_A
Morus_012070-R1	Unique_B
Morus_012077-R1	Unique_A
Morus_012079-R1	Unique_A
Morus_012081-R1	Unique_B
Morus_012084-R1	Unique_A
Morus_012100-R1	Unique_A
Morus_012178-R1	Unique_B
Morus_012202-R1	Unique_A
Morus_012220-R1	Unique_B
Morus_012224-R1	Unique_B
Morus_012247-R1	Unique_B
Morus_012318-R1	Unique_B
Morus_012326-R1	Unique_A
Morus_012332-R1	Unique_A
Morus_012345-R1	Unique_A
Morus_012360-R2	Unique_A
Morus_012375-R2	Unique_B
Morus_012377-R1	Unique_A
Morus_012390-R1	Unique_B
Morus_012395-R1	Unique_A
Morus_012405-R1	Unique_B
Morus_012456-R1	Unique_B
Morus_012474-R1	Unique_A
Morus_012490-R1	Unique_A
Morus_012509-R1	Unique_B
Morus_012512-R1	Unique_A
Morus_012535-R1	Unique_A
Morus_012561-R1	Unique_A
Morus_012584-R1	Unique_A
Morus_012603-R1	Unique_B
Morus_012638-R1	Unique_B
Morus_012653-R1	Unique_A
Morus_012655-R1	Unique_B
Morus_012679-R1	Unique_A
Morus_012714-R1	Unique_B
Morus_012742-R2	Unique_A
Morus_012768-R1	Unique_B
Morus_012770-R1	Unique_B
Morus_012774-R1	Unique_A
Morus_012793-R1	Unique_A
Morus_012812-R2	Unique_B
Morus_012837-R1	Unique_A
Morus_012865-R1	Unique_A
Morus_012880-R1	Unique_A
Morus_012884-R1	Unique_B
Morus_012887-R1	Unique_A
Morus_012913-R1	Unique_B
Morus_012926-R1	Unique_A
Morus_012930-R1	Unique_B
Morus_012933-R1	Unique_B
Morus_012959-R1	Unique_B
Morus_012962-R1	Unique_B
Morus_012968-R1	Unique_B
Morus_012986-R1	Unique_B
Morus_012987-R1	Unique_B
Morus_012988-R1	Unique_B
Morus_012989-R1	Unique_A
Morus_012995-R1	Unique_A
Morus_012999-R1	Unique_A
Morus_013015-R1	Unique_B
Morus_013017-R1	Unique_B
Morus_013024-R1	Unique_A
Morus_013057-R1	Unique_B
Morus_013061-R1	Unique_A
Morus_013063-R1	Unique_A
Morus_013087-R1	Unique_B
Morus_013146-R1	Unique_A
Morus_013188-R1	Unique_B
Morus_013192-R1	Unique_A
Morus_013218-R1	Unique_A
Morus_013228-R1	Unique_A
Morus_013246-R1	Unique_A
Morus_013250-R1	Unique_B
Morus_013270-R1	Unique_A
Morus_013271-R1	Unique_A
Morus_013316-R1	Unique_A
Morus_013361-R1	Unique_A
Morus_013378-R1	Unique_B
Morus_013380-R1	Unique_B
Morus_013450-R1	Unique_A
Morus_013488-R1	Unique_A
Morus_013495-R2	Unique_A
Morus_013506-R1	Unique_A
Morus_013507-R1	Unique_A
Morus_013525-R1	Unique_A
Morus_013529-R1	Unique_B
Morus_013547-R1	Unique_A
Morus_013549-R1	Unique_B
Morus_013566-R1	Unique_B
Morus_013611-R1	Unique_B
Morus_013615-R1	Unique_B
Morus_013629-R1	Unique_A
Morus_013630-R1	Unique_A
Morus_013633-R1	Unique_B
Morus_013634-R2	Unique_B
Morus_013655-R1	Unique_A
Morus_013771-R1	Unique_A
Morus_013786-R1	Unique_A
Morus_013860-R1	Unique_A
Morus_013864-R1	Unique_A
Morus_013867-R1	Unique_B
Morus_013874-R1	Unique_B
Morus_013878-R1	Unique_A
Morus_013924-R1	Unique_A
Morus_013967-R1	Unique_B
Morus_014022-R1	Unique_A
Morus_014065-R1	Unique_A
Morus_014094-R1	Unique_A
Morus_014105-R1	Unique_A
Morus_014107-R1	Unique_A
Morus_014109-R1	Unique_A
Morus_014114-R1	Unique_B
Morus_014117-R1	Unique_B
Morus_014137-R1	Unique_A
Morus_014168-R1	Unique_B
Morus_014207-R1	Unique_B
Morus_014231-R1	Unique_B
Morus_014256-R1	Unique_B
Morus_014291-R2	Unique_A
Morus_014292-R1	Unique_A
Morus_014299-R1	Unique_B
Morus_014322-R1	Unique_A
Morus_014336-R1	Unique_B
Morus_014340-R1	Unique_B
Morus_014344-R1	Unique_B
Morus_014349-R1	Unique_B
Morus_014358-R1	Unique_A
Morus_014372-R1	Unique_B
Morus_014388-R1	Unique_A
Morus_014412-R1	Unique_B
Morus_014417-R1	Unique_A
Morus_014421-R1	Unique_B
Morus_014444-R1	Unique_B
Morus_014459-R1	Unique_A
Morus_014461-R1	Unique_A
Morus_014471-R1	Unique_A
Morus_014478-R1	Unique_B
Morus_014482-R1	Unique_A
Morus_014505-R1	Unique_A
Morus_014511-R1	Unique_A
Morus_014547-R1	Unique_B
Morus_014552-R1	Unique_B
Morus_014562-R1	Unique_A
Morus_014574-R1	Unique_A
Morus_014578-R1	Unique_B
Morus_014611-R1	Unique_A
Morus_014612-R1	Unique_A
Morus_014660-R1	Unique_A
Morus_014681-R1	Unique_B
Morus_014682-R1	Unique_B
Morus_014683-R1	Unique_B
Morus_014691-R1	Unique_A
Morus_014701-R3	Unique_A
Morus_014710-R1	Unique_A
Morus_014711-R1	Unique_A
Morus_014733-R1	Unique_B
Morus_014755-R5	Unique_A
Morus_014764-R1	Unique_B
Morus_014773-R1	Unique_B
Morus_014777-R1	Unique_A
Morus_014823-R1	Unique_B
Morus_014830-R1	Unique_A
Morus_014836-R1	Unique_B
Morus_014936-R1	Unique_B
Morus_014951-R1	Unique_B
Morus_014955-R1	Unique_B
Morus_015000-R1	Unique_B
Morus_015001-R1	Unique_A
Morus_015112-R1	Unique_A
Morus_015113-R1	Unique_A
Morus_015133-R1	Unique_B
Morus_015146-R1	Unique_A
Morus_015164-R1	Unique_B
Morus_015184-R1	Unique_B
Morus_015201-R1	Unique_B
Morus_015216-R1	Unique_B
Morus_015220-R1	Unique_A
Morus_015228-R1	Unique_B
Morus_015312-R1	Unique_A
Morus_015346-R1	Unique_A
Morus_015350-R1	Unique_B
Morus_015353-R1	Unique_A
Morus_015366-R1	Unique_B
Morus_015373-R1	Unique_A
Morus_015401-R1	Unique_B
Morus_015404-R1	Unique_B
Morus_015454-R1	Unique_A
Morus_015457-R1	Unique_A
Morus_015466-R1	Unique_A
Morus_015473-R1	Unique_B
Morus_015480-R1	Unique_B
Morus_015482-R1	Unique_B
Morus_015503-R1	Unique_B
Morus_015505-R1	Unique_A
Morus_015525-R1	Unique_A
Morus_015565-R1	Unique_B
Morus_015601-R1	Unique_A
Morus_015612-R1	Unique_A
Morus_015614-R1	Unique_A
Morus_015628-R1	Unique_B
Morus_015636-R1	Unique_A
Morus_015638-R1	Unique_A
Morus_015640-R1	Unique_B
Morus_015669-R1	Unique_A
Morus_015687-R1	Unique_B
Morus_015710-R1	Unique_B
Morus_015777-R1	Unique_B
Morus_015810-R1	Unique_B
Morus_015818-R1	Unique_A
Morus_015835-R1	Unique_B
Morus_015885-R1	Unique_A
Morus_015889-R1	Unique_B
Morus_015969-R1	Unique_A
Morus_015971-R1	Unique_B
Morus_016028-R1	Unique_A
Morus_016040-R1	Unique_B
Morus_016050-R1	Unique_A
Morus_016060-R1	Unique_B
Morus_016062-R1	Unique_B
Morus_016089-R1	Unique_B
Morus_016118-R1	Unique_B
Morus_016128-R1	Unique_A
Morus_016133-R1	Unique_A
Morus_016138-R2	Unique_A
Morus_016193-R1	Unique_B
Morus_016196-R1	Unique_B
Morus_016213-R1	Unique_A
Morus_016226-R1	Unique_B
Morus_016229-R1	Unique_B
Morus_016233-R1	Unique_B
Morus_016248-R1	Unique_B
Morus_016265-R1	Unique_A
Morus_016276-R1	Unique_B
Morus_016335-R1	Unique_B
Morus_016342-R2	Unique_A
Morus_016346-R1	Unique_B
Morus_016380-R1	Unique_A
Morus_016389-R1	Unique_B
Morus_016402-R1	Unique_B
Morus_016407-R1	Unique_A
Morus_016420-R1	Unique_B
Morus_016438-R1	Unique_B
Morus_016450-R1	Unique_A
Morus_016466-R1	Unique_B
Morus_016552-R1	Unique_B
Morus_016577-R1	Unique_B
Morus_016635-R1	Unique_A
Morus_016639-R1	Unique_B
Morus_016643-R1	Unique_A
Morus_016672-R1	Unique_B
Morus_016680-R1	Unique_B
Morus_016688-R1	Unique_A
Morus_016701-R1	Unique_B
Morus_016708-R1	Unique_A
Morus_016759-R1	Unique_B
Morus_016809-R1	Unique_A
Morus_016826-R1	Unique_B
Morus_016834-R1	Unique_A
Morus_016854-R1	Unique_B
Morus_016889-R1	Unique_A
Morus_016893-R1	Unique_B
Morus_016923-R1	Unique_B
Morus_016956-R1	Unique_B
Morus_016988-R1	Unique_B
Morus_017036-R1	Unique_B
Morus_017097-R1	Unique_A
Morus_017098-R2	Unique_B
Morus_017101-R1	Unique_A
Morus_017108-R2	Unique_B
Morus_017109-R1	Unique_A
Morus_017126-R1	Unique_A
Morus_017135-R1	Unique_A
Morus_017145-R1	Unique_B
Morus_017158-R1	Unique_A
Morus_017178-R2	Unique_B
Morus_017186-R1	Unique_B
Morus_017208-R1	Unique_B
Morus_017216-R1	Unique_A
Morus_017225-R1	Unique_A
Morus_017227-R1	Unique_B
Morus_017248-R1	Unique_B
Morus_017249-R1	Unique_B
Morus_017270-R1	Unique_B
Morus_017275-R1	Unique_A
Morus_017282-R1	Unique_A
Morus_017289-R1	Unique_A
Morus_017296-R1	Unique_A
Morus_017312-R1	Unique_B
Morus_017337-R1	Unique_B
Morus_017338-R1	Unique_A
Morus_017344-R1	Unique_B
Morus_017375-R1	Unique_B
Morus_017416-R1	Unique_B
Morus_017471-R1	Unique_A
Morus_017487-R1	Unique_B
Morus_017488-R1	Unique_B
Morus_017501-R1	Unique_A
Morus_017514-R1	Unique_B
Morus_017527-R1	Unique_A
Morus_017544-R1	Unique_A
Morus_017565-R1	Unique_B
Morus_017588-R1	Unique_B
Morus_017669-R1	Unique_A
Morus_017696-R1	Unique_A
Morus_017712-R1	Unique_B
Morus_017723-R1	Unique_A
Morus_017753-R1	Unique_B
Morus_017763-R1	Unique_B
Morus_017779-R1	Unique_A
Morus_017803-R1	Unique_B
Morus_017806-R1	Unique_A
Morus_017816-R1	Unique_B
Morus_017822-R1	Unique_B
Morus_017847-R1	Unique_B
Morus_017849-R1	Unique_B
Morus_017857-R1	Unique_B
Morus_017878-R1	Unique_A
Morus_017884-R1	Unique_B
Morus_017901-R1	Unique_B
Morus_017902-R1	Unique_A
Morus_017913-R1	Unique_B
Morus_017948-R1	Unique_B
Morus_017949-R1	Unique_A
Morus_017954-R1	Unique_A
Morus_017956-R1	Unique_B
Morus_017985-R1	Unique_B
Morus_017992-R1	Unique_B
Morus_017993-R1	Unique_B
Morus_017997-R1	Unique_B
Morus_018018-R1	Unique_A
Morus_018024-R1	Unique_A
Morus_018096-R2	Unique_B
Morus_018156-R1	Unique_B
Morus_018157-R1	Unique_A
Morus_018169-R1	Unique_B
Morus_018184-R1	Unique_A
Morus_018194-R1	Unique_A
Morus_018214-R1	Unique_A
Morus_018219-R1	Unique_B
Morus_018224-R1	Unique_A
Morus_018226-R2	Unique_A
Morus_018235-R1	Unique_A
Morus_018238-R1	Unique_A
Morus_018246-R1	Unique_B
Morus_018250-R1	Unique_B
Morus_018251-R1	Unique_B
Morus_018267-R1	Unique_A
Morus_018268-R1	Unique_A
Morus_018361-R1	Unique_B
Morus_018363-R1	Unique_B
Morus_018364-R1	Unique_B
Morus_018375-R1	Unique_A
Morus_018399-R3	Unique_B
Morus_018414-R1	Unique_A
Morus_018420-R1	Unique_B
Morus_018423-R1	Unique_A
Morus_018429-R1	Unique_B
Morus_018431-R1	Unique_A
Morus_018433-R1	Unique_A
Morus_018436-R1	Unique_A
Morus_018444-R1	Unique_B
Morus_018502-R1	Unique_B
Morus_018512-R1	Unique_B
Morus_018525-R1	Unique_B
Morus_018536-R1	Unique_A
Morus_018549-R1	Unique_B
Morus_018603-R1	Unique_B
Morus_018605-R1	Unique_B
Morus_018620-R1	Unique_B
Morus_018649-R1	Unique_A
Morus_018670-R1	Unique_A
Morus_018678-R1	Unique_B
Morus_018689-R1	Unique_B
Morus_018709-R1	Unique_A
Morus_018710-R1	Unique_A
Morus_018723-R3	Unique_B
Morus_018765-R2	Unique_B
Morus_018771-R1	Unique_B
Morus_018821-R1	Unique_A
Morus_018836-R1	Unique_B
Morus_018840-R1	Unique_A
Morus_018852-R1	Unique_A
Morus_018853-R1	Unique_B
Morus_018872-R1	Unique_B
Morus_018909-R1	Unique_A
Morus_018924-R1	Unique_A
Morus_018955-R1	Unique_B
Morus_018959-R1	Unique_A
Morus_018977-R1	Unique_A
Morus_019102-R1	Unique_A
Morus_019107-R1	Unique_A
Morus_019170-R1	Unique_A
Morus_019180-R1	Unique_B
Morus_019201-R1	Unique_B
Morus_019214-R1	Unique_A
Morus_019231-R1	Unique_A
Morus_019264-R1	Unique_A
Morus_019268-R2	Unique_B
Morus_019269-R1	Unique_B
Morus_019292-R1	Unique_B
Morus_019324-R1	Unique_A
Morus_019325-R1	Unique_A
Morus_019349-R1	Unique_A
Morus_019362-R1	Unique_A
Morus_019387-R1	Unique_A
Morus_019411-R1	Unique_B
Morus_019427-R1	Unique_B
Morus_019450-R1	Unique_B
Morus_019555-R1	Unique_B
Morus_019558-R1	Unique_A
Morus_019562-R1	Unique_A
Morus_019580-R1	Unique_B
Morus_019581-R1	Unique_B
Morus_019600-R1	Unique_A
Morus_019612-R1	Unique_B
Morus_019625-R1	Unique_B
Morus_019641-R1	Unique_A
Morus_019651-R1	Unique_A
Morus_019653-R1	Unique_B
Morus_019654-R1	Unique_A
Morus_019666-R2	Unique_A
Morus_019679-R1	Unique_A
Morus_019689-R3	Unique_B
Morus_019690-R2	Unique_A
Morus_019727-R1	Unique_B
Morus_019730-R2	Unique_B
Morus_019743-R1	Unique_A
Morus_019779-R1	Unique_B
Morus_019786-R1	Unique_B
Morus_019802-R1	Unique_A
Morus_019813-R1	Unique_A
Morus_019826-R1	Unique_B
Morus_019827-R1	Unique_A
Morus_019833-R1	Unique_A
Morus_019857-R1	Unique_A
Morus_019880-R1	Unique_B
Morus_019923-R1	Unique_A
Morus_019939-R1	Unique_B
Morus_019968-R1	Unique_B
Morus_019992-R1	Unique_A
Morus_020008-R1	Unique_A
Morus_020025-R1	Unique_A
Morus_020027-R1	Unique_B
Morus_020037-R1	Unique_B
Morus_020040-R1	Unique_A
Morus_020046-R1	Unique_A
Morus_020071-R1	Unique_A
Morus_020092-R1	Unique_A
Morus_020125-R1	Unique_B
Morus_020132-R1	Unique_B
Morus_020156-R1	Unique_A
Morus_020173-R1	Unique_B
Morus_020217-R1	Unique_A
Morus_020242-R1	Unique_B
Morus_020252-R1	Unique_B
Morus_020280-R1	Unique_A
Morus_020286-R1	Unique_A
Morus_020360-R1	Unique_A
Morus_020375-R1	Unique_B
Morus_020390-R1	Unique_A
Morus_020395-R1	Unique_A
Morus_020404-R1	Unique_B
Morus_020427-R1	Unique_B
Morus_020437-R1	Unique_B
Morus_020524-R1	Unique_B
Morus_020529-R1	Unique_B
Morus_020532-R1	Unique_B
Morus_020563-R1	Unique_A
Morus_020573-R1	Unique_B
Morus_020575-R1	Unique_B
Morus_020582-R1	Unique_B
Morus_020625-R1	Unique_B
Morus_020636-R1	Unique_A
Morus_020649-R1	Unique_A
Morus_020653-R1	Unique_A
Morus_020667-R1	Unique_A
Morus_020718-R1	Unique_B
Morus_020719-R1	Unique_B
Morus_020739-R1	Unique_B
Morus_020740-R1	Unique_B
Morus_020751-R1	Unique_B
Morus_020755-R1	Unique_A
Morus_020757-R1	Unique_A
Morus_020767-R1	Unique_A
Morus_020789-R1	Unique_B
Morus_020804-R1	Unique_B
Morus_020872-R1	Unique_A
Morus_020899-R1	Unique_A
Morus_020904-R1	Unique_B
Morus_020914-R1	Unique_A
Morus_020915-R1	Unique_A
Morus_020916-R1	Unique_A
Morus_020919-R1	Unique_B
Morus_020952-R1	Unique_A
Morus_021013-R1	Unique_A
Morus_021026-R1	Unique_A
Morus_021032-R1	Unique_A
Morus_021071-R1	Unique_B
Morus_021094-R1	Unique_B
Morus_021154-R1	Unique_A
Morus_021223-R1	Unique_B
Morus_021276-R1	Unique_B
Morus_021277-R1	Unique_A
Morus_021284-R1	Unique_B
Morus_021299-R1	Unique_A
Morus_021320-R1	Unique_B
Morus_021350-R1	Unique_B
Morus_021357-R1	Unique_B
Morus_021384-R4	Unique_A
Morus_021416-R1	Unique_A
Morus_021453-R1	Unique_A
Morus_021469-R1	Unique_A
Morus_021483-R1	Unique_A
Morus_unassigned_transcript_1011	Unique_A
Morus_unassigned_transcript_1038	Unique_B
Morus_unassigned_transcript_1123	Unique_B
Morus_unassigned_transcript_115	Unique_B
Morus_unassigned_transcript_120	Unique_A
Morus_unassigned_transcript_1210	Unique_B
Morus_unassigned_transcript_1211	Unique_B
Morus_unassigned_transcript_1217	Unique_A
Morus_unassigned_transcript_1218	Unique_A
Morus_unassigned_transcript_1231	Unique_B
Morus_unassigned_transcript_1263	Unique_A
Morus_unassigned_transcript_1266	Unique_A
Morus_unassigned_transcript_1329	Unique_A
Morus_unassigned_transcript_1529	Unique_A
Morus_unassigned_transcript_155	Unique_B
Morus_unassigned_transcript_1564	Unique_A
Morus_unassigned_transcript_166	Unique_B
Morus_unassigned_transcript_1739	Unique_B
Morus_unassigned_transcript_179	Unique_B
Morus_unassigned_transcript_1803	Unique_B
Morus_unassigned_transcript_1811	Unique_B
Morus_unassigned_transcript_1936	Unique_B
Morus_unassigned_transcript_1943	Unique_B
Morus_unassigned_transcript_1981	Unique_A
Morus_unassigned_transcript_1983	Unique_A
Morus_unassigned_transcript_199	Unique_B
Morus_unassigned_transcript_2001	Unique_B
Morus_unassigned_transcript_2069	Unique_A
Morus_unassigned_transcript_2295	Unique_A
Morus_unassigned_transcript_2312	Unique_B
Morus_unassigned_transcript_2336	Unique_A
Morus_unassigned_transcript_2346	Unique_A
Morus_unassigned_transcript_2358	Unique_A
Morus_unassigned_transcript_2362	Unique_A
Morus_unassigned_transcript_2382	Unique_A
Morus_unassigned_transcript_2399	Unique_B
Morus_unassigned_transcript_2426	Unique_B
Morus_unassigned_transcript_2532	Unique_B
Morus_unassigned_transcript_2716	Unique_B
Morus_unassigned_transcript_2765	Unique_B
Morus_unassigned_transcript_2820	Unique_A
Morus_unassigned_transcript_2821	Unique_A
Morus_unassigned_transcript_2833	Unique_B
Morus_unassigned_transcript_2846	Unique_A
Morus_unassigned_transcript_2953	Unique_B
Morus_unassigned_transcript_3024	Unique_B
Morus_unassigned_transcript_3026	Unique_A
Morus_unassigned_transcript_3078	Unique_B
Morus_unassigned_transcript_3118	Unique_A
Morus_unassigned_transcript_3185	Unique_A
Morus_unassigned_transcript_3298	Unique_A
Morus_unassigned_transcript_3331	Unique_B
Morus_unassigned_transcript_3414	Unique_B
Morus_unassigned_transcript_347	Unique_B
Morus_unassigned_transcript_3519	Unique_A
Morus_unassigned_transcript_3520	Unique_A
Morus_unassigned_transcript_3635	Unique_B
Morus_unassigned_transcript_3642	Unique_A
Morus_unassigned_transcript_3671	Unique_B
Morus_unassigned_transcript_3673	Unique_A
Morus_unassigned_transcript_3695	Unique_B
Morus_unassigned_transcript_36	Unique_B
Morus_unassigned_transcript_375	Unique_A
Morus_unassigned_transcript_3888	Unique_A
Morus_unassigned_transcript_392	Unique_B
Morus_unassigned_transcript_3954	Unique_B
Morus_unassigned_transcript_3970	Unique_A
Morus_unassigned_transcript_4077	Unique_A
Morus_unassigned_transcript_4160	Unique_B
Morus_unassigned_transcript_4194	Unique_A
Morus_unassigned_transcript_4202	Unique_A
Morus_unassigned_transcript_4298	Unique_B
Morus_unassigned_transcript_4389	Unique_B
Morus_unassigned_transcript_4392	Unique_B
Morus_unassigned_transcript_4502	Unique_A
Morus_unassigned_transcript_4507	Unique_B
Morus_unassigned_transcript_4564	Unique_B
Morus_unassigned_transcript_4576	Unique_B
Morus_unassigned_transcript_4595	Unique_A
Morus_unassigned_transcript_4597	Unique_B
Morus_unassigned_transcript_4603	Unique_B
Morus_unassigned_transcript_4605	Unique_B
Morus_unassigned_transcript_4610	Unique_B
Morus_unassigned_transcript_4612	Unique_A
Morus_unassigned_transcript_4616	Unique_B
Morus_unassigned_transcript_4622	Unique_A
Morus_unassigned_transcript_463	Unique_B
Morus_unassigned_transcript_4652	Unique_B
Morus_unassigned_transcript_4672	Unique_A
Morus_unassigned_transcript_4707	Unique_B
Morus_unassigned_transcript_4712	Unique_A
Morus_unassigned_transcript_4715	Unique_B
Morus_unassigned_transcript_4716	Unique_B
Morus_unassigned_transcript_4725	Unique_B
Morus_unassigned_transcript_4741	Unique_B
Morus_unassigned_transcript_4764	Unique_B
Morus_unassigned_transcript_476	Unique_B
Morus_unassigned_transcript_4797	Unique_A
Morus_unassigned_transcript_4853	Unique_B
Morus_unassigned_transcript_4884	Unique_A
Morus_unassigned_transcript_4958	Unique_A
Morus_unassigned_transcript_4970	Unique_B
Morus_unassigned_transcript_4971	Unique_A
Morus_unassigned_transcript_5124	Unique_B
Morus_unassigned_transcript_5183	Unique_A
Morus_unassigned_transcript_5184	Unique_A
Morus_unassigned_transcript_535	Unique_B
Morus_unassigned_transcript_575	Unique_B
Morus_unassigned_transcript_595	Unique_A
Morus_unassigned_transcript_607	Unique_B
Morus_unassigned_transcript_611	Unique_A
Morus_unassigned_transcript_616	Unique_B
Morus_unassigned_transcript_687	Unique_B
Morus_unassigned_transcript_861	Unique_B
Morus_unassigned_transcript_932	Unique_B
